{"properties": [
  {
    "name": "jwt.token.expiration.in.seconds",
    "type": "java.lang.String",
    "description": "A description for 'jwt.token.expiration.in.seconds'"
  },
  {
    "name": "jwt.http.request.header",
    "type": "java.lang.String",
    "description": "A description for 'jwt.http.request.header'"
  },
  {
    "name": "jwt.signing.key.secret",
    "type": "java.lang.String",
    "description": "A description for 'jwt.signing.key.secret'"
  },
  {
    "name": "jwt.accessToken.expiration.in.seconds",
    "type": "java.lang.String",
    "description": "A description for 'jwt.accessToken.expiration.in.seconds'"
  },
  {
    "name": "jwt.refreshToken.expiration.in.seconds",
    "type": "java.lang.String",
    "description": "A description for 'jwt.refreshToken.expiration.in.seconds'"
  },
  {
    "name": "jwt.refresh.expiration.in.seconds",
    "type": "java.lang.String",
    "description": "A description for 'jwt.refresh.expiration.in.seconds'"
  },
  {
    "name": "jwt.access.expiration.in.seconds",
    "type": "java.lang.String",
    "description": "A description for 'jwt.access.expiration.in.seconds'"
  }
]}